ID_CURSO,TEMA_CLASSROOM,TITULO_MATERIAL,DESCRIPCION_MATERIAL,URL_GITHUB
,01. [TXT] Prompts de Comunicación y Texto,[Sesión 01] TXT - 001 La IA como Consejera de Compras del Hogar (PDF),Disponible en Sesión 01. Paso 1: Prompts de Comunicación y Texto (El poder de la palabra en la IA). Acceso directo al recurso interactivo.,https://javiercursocorreo-gif.github.io/Curso-IA/CLASES/EXPORTACION_FICHAS_CLASSROOM_PDF/100.%20%5BSESSIONS%5D%20TERNAS_LISTAS_PARA_CLASSROOM/01_Sesion/1.%20TXT-001_La%20IA%20como%20Consejera%20de%20Compras%20del%20Hogar.pdf
,02. [EST] Estilos Visuales de Imagen,[Sesión 01] EST - 001 REALISTA (FOTORREALISMO) - Faro al Amanecer (PDF),Disponible en Sesión 01. Paso 2: Estilos Visuales de Imagen (Aprender a pedir estilos artísticos y fotográficos). Acceso directo al recurso interactivo.,https://javiercursocorreo-gif.github.io/Curso-IA/CLASES/EXPORTACION_FICHAS_CLASSROOM_PDF/100.%20%5BSESSIONS%5D%20TERNAS_LISTAS_PARA_CLASSROOM/01_Sesion/2.%20EST-001_REALISTA%20%28FOTORREALISMO%29%20-%20Faro%20al%20Amanecer.pdf
,03. [PRAC] Talleres Prácticos con Gemini,"[Sesión 01] PRAC - 001 Retrato Mágico Disfraz de Reyes, Aristócratas o Época Clásica (PDF)",Disponible en Sesión 01. Paso 3: Taller Práctico con Gemini (Transformación y creatividad aplicada). Acceso directo al recurso interactivo.,https://javiercursocorreo-gif.github.io/Curso-IA/CLASES/EXPORTACION_FICHAS_CLASSROOM_PDF/100.%20%5BSESSIONS%5D%20TERNAS_LISTAS_PARA_CLASSROOM/01_Sesion/3.%20PRAC-001_Retrato%20M%C3%A1gico_%20Disfraz%20de%20Reyes%2C%20Arist%C3%B3cratas%20o%20%C3%89poca%20Cl%C3%A1sica.pdf
,04. [FRAC] Fractales en IA (Vídeos y Fichas),[Sesión 01] FRAC - 000 A Teoria Fractal (PDF),Disponible en Sesión 01. Paso 4: Geometría Fractal en IA (Visualización y asombro en aula). Acceso directo al recurso interactivo.,https://javiercursocorreo-gif.github.io/Curso-IA/CLASES/EXPORTACION_FICHAS_CLASSROOM_PDF/100.%20%5BSESSIONS%5D%20TERNAS_LISTAS_PARA_CLASSROOM/01_Sesion/4.%20FRAC-000_A_Teoria_Fractal.pdf
,04. [FRAC] Fractales en IA (Vídeos y Fichas),[Sesión 01] FRAC - 000 B Reto Visual (PDF),Disponible en Sesión 01. Paso 4: Geometría Fractal en IA (Visualización y asombro en aula). Acceso directo al recurso interactivo.,https://javiercursocorreo-gif.github.io/Curso-IA/CLASES/EXPORTACION_FICHAS_CLASSROOM_PDF/100.%20%5BSESSIONS%5D%20TERNAS_LISTAS_PARA_CLASSROOM/01_Sesion/4.%20FRAC-000_B_Reto_Visual.pdf
,04. [FRAC] Fractales en IA (Vídeos y Fichas),[Sesión 01] FRAC - 058 2. TÚ ERES UN FRACTAL (Biomimética) 🫁⚡ (MP4),Disponible en Sesión 01. Paso 4: Geometría Fractal en IA (Visualización y asombro en aula). Acceso directo al recurso interactivo.,https://javiercursocorreo-gif.github.io/Curso-IA/CLASES/EXPORTACION_FICHAS_CLASSROOM_PDF/100.%20%5BSESSIONS%5D%20TERNAS_LISTAS_PARA_CLASSROOM/01_Sesion/4.%20FRAC-058%202.%20T%C3%9A%20ERES%20UN%20FRACTAL%20%28Biomim%C3%A9tica%29%20%F0%9F%AB%81%E2%9A%A1.mp4
,04. [FRAC] Fractales en IA (Vídeos y Fichas),"[Sesión 01] FRAC - 058 Tú eres un Fractal (Pulmones, Bronquios y Sistema Circulatorio) (PDF)",Disponible en Sesión 01. Paso 4: Geometría Fractal en IA (Visualización y asombro en aula). Acceso directo al recurso interactivo.,https://javiercursocorreo-gif.github.io/Curso-IA/CLASES/EXPORTACION_FICHAS_CLASSROOM_PDF/100.%20%5BSESSIONS%5D%20TERNAS_LISTAS_PARA_CLASSROOM/01_Sesion/4.%20FRAC-058%20T%C3%BA%20eres%20un%20Fractal%20%28Pulmones%2C%20Bronquios%20y%20Sistema%20Circulatorio%29.pdf
,05. [INT] El Mundo por Dentro y Reconstrucción,[Sesión 01] INT - 001 La Gran Biblioteca de Alejandría reconstruida por dentro (PDF),Disponible en Sesión 01. Paso 5: El Mundo por Dentro y Reconstrucción Histórica (Corte transversal y arquitectura). Acceso directo al recurso interactivo.,https://javiercursocorreo-gif.github.io/Curso-IA/CLASES/EXPORTACION_FICHAS_CLASSROOM_PDF/100.%20%5BSESSIONS%5D%20TERNAS_LISTAS_PARA_CLASSROOM/01_Sesion/5.%20INT-001_La%20Gran%20Biblioteca%20de%20Alejandr%C3%ADa%20reconstruida%20por%20dentro.pdf
,06. [FUT] Línea de Tiempo del Futuro (2030+),[Sesión 01] FUT - 001 Año 2028 El asistente robótico compasivo en el hogar familiar ma (PDF),Disponible en Sesión 01. Paso 6: Línea de Tiempo del Futuro y Sci-Fi (Tecnología amable y robótica del mañana). Acceso directo al recurso interactivo.,https://javiercursocorreo-gif.github.io/Curso-IA/CLASES/EXPORTACION_FICHAS_CLASSROOM_PDF/100.%20%5BSESSIONS%5D%20TERNAS_LISTAS_PARA_CLASSROOM/01_Sesion/6.%20FUT-001_A%C3%B1o%202028_%20El%20asistente%20rob%C3%B3tico%20compasivo%20en%20el%20hogar%20familiar%20ma.pdf
,07. [NAT] Naturaleza Fascinante y Biodiversidad,[Sesión 01] NAT - 001 El Caballo Salvaje y su Biomecánica de Galope (Infografía Científ (PDF),"Disponible en Sesión 01. Paso 7: Biodiversidad y Naturaleza Fascinante (Fauna, flora e infografías científicas). Acceso directo al recurso interactivo.",https://javiercursocorreo-gif.github.io/Curso-IA/CLASES/EXPORTACION_FICHAS_CLASSROOM_PDF/100.%20%5BSESSIONS%5D%20TERNAS_LISTAS_PARA_CLASSROOM/01_Sesion/7.%20NAT-001_El%20Caballo%20Salvaje%20y%20su%20Biomec%C3%A1nica%20de%20Galope%20%28Infograf%C3%ADa%20Cient%C3%ADf.pdf
,08. [ARTE] Obras Maestras del Arte Universal,[Sesión 01] ARTE - 001 La Gioconda (Mona Lisa) de Leonardo da Vinci (1503) (PDF),Disponible en Sesión 01. Paso 8: Obras Maestras de la Historia del Arte (Los grandes genios de la pintura). Acceso directo al recurso interactivo.,https://javiercursocorreo-gif.github.io/Curso-IA/CLASES/EXPORTACION_FICHAS_CLASSROOM_PDF/100.%20%5BSESSIONS%5D%20TERNAS_LISTAS_PARA_CLASSROOM/01_Sesion/8.%20ARTE-001_La%20Gioconda%20%28Mona%20Lisa%29%20de%20Leonardo%20da%20Vinci%20%281503%29.pdf
,09. [NIV] Escalafones y Niveles (Cultura 101),[Sesión 01] NIV - 001 Los 7 Niveles de Riqueza y Libertad Financiera (PDF),Disponible en Sesión 01. Paso 9: Escalafones y Niveles (Cultura 101: clasificaciones del mundo). Acceso directo al recurso interactivo.,https://javiercursocorreo-gif.github.io/Curso-IA/CLASES/EXPORTACION_FICHAS_CLASSROOM_PDF/100.%20%5BSESSIONS%5D%20TERNAS_LISTAS_PARA_CLASSROOM/01_Sesion/9.%20NIV-001_Los%207%20Niveles%20de%20Riqueza%20y%20Libertad%20Financiera.pdf
,10. [TRUC] Trucos y Soluciones Cotidianas,[Sesión 01] TRUC - 001 Limpieza Ecológica y Manchas Manchas de vino tinto en camisa bla (PDF),"Disponible en Sesión 01. Paso 10: Trucos y Soluciones Cotidianas (Hogar, cocina y vida práctica con IA). Acceso directo al recurso interactivo.",https://javiercursocorreo-gif.github.io/Curso-IA/CLASES/EXPORTACION_FICHAS_CLASSROOM_PDF/100.%20%5BSESSIONS%5D%20TERNAS_LISTAS_PARA_CLASSROOM/01_Sesion/10.%20TRUC-001_Limpieza%20Ecol%C3%B3gica%20y%20Manchas_%20Manchas%20de%20vino%20tinto%20en%20camisa%20bla.pdf
,11. [CUENT] Cuentos Ilustrados para Nietos,[Sesión 01] CUENT - 001 Paso 0 Introduccion Proyecto (PDF),Disponible en Sesión 01. Paso 11: Cuentos Ilustrados para Nietos (Historias personalizadas con valores). Acceso directo al recurso interactivo.,https://javiercursocorreo-gif.github.io/Curso-IA/CLASES/EXPORTACION_FICHAS_CLASSROOM_PDF/100.%20%5BSESSIONS%5D%20TERNAS_LISTAS_PARA_CLASSROOM/01_Sesion/11.CUENT-001_Paso_0_Introduccion_Proyecto.pdf
,11. [CUENT] Cuentos Ilustrados para Nietos,[Sesión 01] CUENT - 001 Paso 1 Perros El perro bombero que salvó a los gatitos (PDF),Disponible en Sesión 01. Paso 11: Cuentos Ilustrados para Nietos (Historias personalizadas con valores). Acceso directo al recurso interactivo.,https://javiercursocorreo-gif.github.io/Curso-IA/CLASES/EXPORTACION_FICHAS_CLASSROOM_PDF/100.%20%5BSESSIONS%5D%20TERNAS_LISTAS_PARA_CLASSROOM/01_Sesion/11.CUENT-001_Paso_1_Perros_%20El%20perro%20bombero%20que%20salv%C3%B3%20a%20los%20gatitos.pdf
,11. [CUENT] Cuentos Ilustrados para Nietos,[Sesión 01] CUENT - 001 Paso 2 Perros El perro bombero que salvó a los gatitos (PDF),Disponible en Sesión 01. Paso 11: Cuentos Ilustrados para Nietos (Historias personalizadas con valores). Acceso directo al recurso interactivo.,https://javiercursocorreo-gif.github.io/Curso-IA/CLASES/EXPORTACION_FICHAS_CLASSROOM_PDF/100.%20%5BSESSIONS%5D%20TERNAS_LISTAS_PARA_CLASSROOM/01_Sesion/11.CUENT-001_Paso_2_Perros_%20El%20perro%20bombero%20que%20salv%C3%B3%20a%20los%20gatitos.pdf
,11. [CUENT] Cuentos Ilustrados para Nietos,[Sesión 01] CUENT - 001 Paso 3 Perros El perro bombero que salvó a los gatitos (PDF),Disponible en Sesión 01. Paso 11: Cuentos Ilustrados para Nietos (Historias personalizadas con valores). Acceso directo al recurso interactivo.,https://javiercursocorreo-gif.github.io/Curso-IA/CLASES/EXPORTACION_FICHAS_CLASSROOM_PDF/100.%20%5BSESSIONS%5D%20TERNAS_LISTAS_PARA_CLASSROOM/01_Sesion/11.CUENT-001_Paso_3_Perros_%20El%20perro%20bombero%20que%20salv%C3%B3%20a%20los%20gatitos.pdf
,12. [MOVIL] El Salvavidas del Móvil (Cámara y Voz),[Sesión 01] MOVIL - 001 Símbolos de Lavado Textil Jersey delicado de lana (PDF),Disponible en Sesión 01. Paso 12: El Salvavidas del Móvil (Cámara y voz con la app de Gemini ante la pantalla). Acceso directo al recurso interactivo.,https://javiercursocorreo-gif.github.io/Curso-IA/CLASES/EXPORTACION_FICHAS_CLASSROOM_PDF/100.%20%5BSESSIONS%5D%20TERNAS_LISTAS_PARA_CLASSROOM/01_Sesion/12.%20MOVIL-001_S%C3%ADmbolos%20de%20Lavado%20Textil_%20Jersey%20delicado%20de%20lana.pdf
,13. [MEM] Cápsula de la Memoria,[Sesión 01] MEM - 001 La Plaza o el Barrio de Mi Infancia Juegos de Calle (Peonza y Ca (PDF),Disponible en Sesión 01. Paso 13: Cápsula de la Memoria (Fotos de pueblo o barrio con microrrelato para nietos). Acceso directo al recurso interactivo.,https://javiercursocorreo-gif.github.io/Curso-IA/CLASES/EXPORTACION_FICHAS_CLASSROOM_PDF/100.%20%5BSESSIONS%5D%20TERNAS_LISTAS_PARA_CLASSROOM/01_Sesion/13.%20MEM-001_La%20Plaza%20o%20el%20Barrio%20de%20Mi%20Infancia_%20Juegos%20de%20Calle%20%28Peonza%20y%20Ca.pdf
,14. [MEC] Cómo Funcionan las Cosas (Vídeo 3D),[Sesión 01] MEC - 001 El Cilindro del Motor de 4 Tiempos (PDF),Disponible en Sesión 01. Paso 14: Cómo Funcionan las Cosas (Mecánica e Ingeniería en Vídeo 3D de 10 seg con Gemini). Acceso directo al recurso interactivo.,https://javiercursocorreo-gif.github.io/Curso-IA/CLASES/EXPORTACION_FICHAS_CLASSROOM_PDF/100.%20%5BSESSIONS%5D%20TERNAS_LISTAS_PARA_CLASSROOM/01_Sesion/14.%20MEC-001_El%20Cilindro%20del%20Motor%20de%204%20Tiempos.pdf
